,t1,t2,t3,y
0,134.86803228978272,134.97776063097115,120.95106391268786,0.0
1,134.0128016768641,126.76077084830668,133.63243610615302,0.0
2,132.6079865154752,127.14491340773318,122.81314554957022,0.0
3,136.05677064887539,130.91773895159128,129.46792620931134,0.0
4,125.71068367109326,128.01333929678435,126.35366850032942,0.0
5,137.61916237718734,136.19459051977782,135.9983059864995,0.0
6,130.29492825847709,123.89332814723076,134.73560358081562,0.0
7,130.84045253286473,129.35419000814778,125.10603639302403,0.0
8,135.8274300056226,122.7206123032979,128.01768838780086,0.0
9,126.00588127954067,128.2693962635674,122.50275235323437,0.0
10,128.23261819451074,128.82113780454782,123.44475727113034,0.0
11,136.65617343580712,131.98352524983352,131.544271767023,0.0
12,135.11099184775986,136.8009529885294,122.91638332864547,0.0
13,121.40655345323843,129.1812444101047,120.35319560215618,0.0
14,121.8558767064684,135.1078221258263,126.22527323882933,0.0
15,130.46348526944197,130.11729650309235,133.37163368467336,0.0
16,133.12932768553446,138.888249564933,136.57903233905037,0.0
17,134.07472090002557,121.99887766991692,134.71229971873288,0.0
18,131.98915804379922,123.35290183145649,123.61809527782744,0.0
19,119.81098878587947,132.62278291186038,122.13184240382486,0.0
20,133.82129510089027,134.40898234285277,135.5322096055458,0.0
21,138.856844594639,137.21344905188008,137.91932756805335,0.0
22,124.44691222126396,134.5747355956047,122.72126437535518,0.0
23,130.93499356374318,139.7907533736205,136.2964031208191,0.0
24,121.47407130418837,137.4982231785027,133.66632688298628,0.0
25,122.34071535282895,133.7805709183032,125.34859390204736,0.0
26,134.88204762640973,136.2723060083033,123.68773483831819,0.0
27,126.67491852515343,121.26308663507866,128.5538731656544,0.0
28,119.43187494456214,126.91425614428348,124.26475815261209,0.0
29,124.57271430801438,123.76819564166685,125.20110621244373,0.0
30,130.17702469642154,128.3614955807764,132.7477705103474,0.0
31,129.04303762776428,132.5548304182734,125.27930667426506,0.0
32,120.6794126862903,140.69793230498206,123.77145272371347,0.0
33,131.55488604656358,132.9186762617831,125.83396218374281,0.0
34,137.02300210318865,127.62592226111597,122.55506285617311,0.0
35,122.67040452950322,135.97051098272576,135.4231017060775,0.0
36,139.03678671973714,138.03557426712675,135.33309757348178,0.0
37,132.24230810144854,140.03867397089357,126.3132359145726,0.0
38,136.32993310155535,139.95927786329545,130.19563581837747,0.0
39,138.09067970657483,139.40742937829177,122.46395540705154,0.0
40,130.490183160408,141.31131409262332,124.76249316077099,0.0
41,135.74903184722518,122.53860400350588,121.57815847696914,0.0
42,123.64299524323832,133.08116849247375,136.58843100694295,0.0
43,128.18481931786818,127.54539645021669,120.97225157751848,0.0
44,129.36457039020763,132.5155126431281,125.41084134936358,0.0
45,121.75510152667711,140.3221136487777,133.34928896992207,0.0
46,124.53542399784142,127.50188028802457,137.03805713093135,0.0
47,129.03032955237006,131.61087249996652,121.3634053288208,0.0
48,123.36046987815742,130.76239007534943,129.80258356803185,0.0
49,137.13818366699383,136.07080348837746,136.8339072916442,0.0
50,122.25421558890123,128.34916920412581,136.5025209001868,0.0
51,127.532675013814,131.20612799066853,137.91004560611634,0.0
52,134.92850113200353,137.3685923865914,137.3015540268899,0.0
53,135.74506793877066,138.28150162105516,132.50956389890197,0.0
54,124.64188857313745,138.47247537817628,119.4590538440458,0.0
55,129.2258584738926,128.36569744863223,127.65975507237894,0.0
56,129.7131711389522,123.82894006693853,120.67802947050839,0.0
57,134.47360573304707,124.80094891448225,124.29593956858245,0.0
58,125.68680388132347,136.8057583214461,120.44602924752175,0.0
59,120.3793625744917,133.06937787577294,126.13082403459838,0.0
60,122.23412049434025,134.38498162900163,130.57269616434425,0.0
61,124.66129035035875,138.96343749314656,133.1642542826371,0.0
62,128.58761872890474,127.98273273743959,120.29979093888664,0.0
63,130.35093024707834,135.55993957338086,129.76663133224588,0.0
64,133.72706687159726,133.40753686114294,123.93568838382832,0.0
65,137.24184111013395,130.25754291920128,123.33295926078506,0.0
66,128.43659596963755,134.90397578354236,131.03957132601022,0.0
67,132.5507703609758,128.2417188731181,135.37462154749423,0.0
68,135.13567351469993,133.80967140738233,125.3313602203027,0.0
69,127.86603349556944,133.73851501407904,119.3278265153683,0.0
70,133.93446870416955,134.44497082728796,135.3246668411506,0.0
71,127.31048622098496,139.92840177319252,125.14975437198699,0.0
72,131.75072695818554,124.45759296585646,119.34804521992614,0.0
73,121.10639449037541,135.79571547085425,138.48519382850287,0.0
74,127.19822948274292,142.1825262477638,131.74036824018057,0.0
75,120.93769717834448,131.51409424269423,130.5379885808527,0.0
76,123.63324958336194,132.27546904360895,123.93922085658279,0.0
77,138.09394933084238,143.50616118764486,127.04324423962377,0.0
78,121.39261163844174,130.22547616957732,127.12736721984294,0.0
79,130.0256234327909,137.76468929485696,130.1765739361728,0.0
80,136.83744358874918,141.2998728522249,120.25940732991265,0.0
81,124.75438177879673,139.70980948165817,132.25105946715345,0.0
82,131.13357689538967,139.73998677975234,132.0789623657657,0.0
83,132.52175249912008,142.5294948214331,133.59716793769053,0.0
84,128.5649437803076,137.34530772583463,131.26593604076885,0.0
85,122.3894604548992,131.38518017001178,136.76319633473696,0.0
86,129.98204833548033,128.36692637240074,137.83526698535016,0.0
87,131.41299219035406,136.32052477077613,136.54401129602516,0.0
88,124.54576762878563,137.34867816897952,132.88211724526093,0.0
89,127.28897410050601,129.09139620449906,137.51841340541876,0.0
90,127.29493694710315,130.26008608224927,126.05953441662788,0.0
91,136.42071220529178,144.6507481557339,128.5395137427291,0.0
92,123.03292881205024,129.81558290844683,130.25198829664882,0.0
93,139.047907501143,128.95962641464976,135.93615621990315,0.0
94,133.11375935655894,132.2988560092548,124.49976429126188,0.0
95,124.94084220150981,142.47481266625692,123.59953774713625,0.0
96,135.59453339088395,140.8536875152834,136.0600573182229,0.0
97,125.73401213475512,129.64398618286276,133.6440152556757,0.0
98,135.29455192843145,133.23187596784223,132.13867266605075,0.0
99,139.57288240131012,141.16489292718987,130.1880424951298,0.0
100,134.8116413833624,127.8884995972214,128.61005703255094,0.0
101,138.39415964212154,129.28537591166238,125.16245314793464,0.0
102,130.994569486223,130.07753102148044,124.56253563600794,0.0
103,132.01686503860495,144.89810681953878,121.21487321875469,0.0
104,121.53495661538652,141.66493075354634,129.06128758325175,0.0
105,135.12577665669258,132.0692661083812,133.21850334625168,0.0
106,129.7491760006243,128.8186164408469,122.11417374159052,0.0
107,136.63882306490086,138.87542341331766,126.1403989341855,0.0
108,129.28227941336453,139.2234730547421,134.4858060933696,0.0
109,137.17699958385774,132.75927296049665,131.9856529867867,0.0
110,123.99434933504688,135.0862086735597,129.46596570119942,0.0
111,124.533182671356,145.0034901071194,122.41738655641176,0.0
112,133.57418596651664,132.71486462125654,131.58161243230856,0.0
113,125.32050869205536,141.41639249479437,130.10726388570657,0.0
114,133.34941351770067,136.3410509093844,121.20450442117044,0.0
115,139.71329349020672,140.0064562387957,134.66618039132285,0.0
116,139.50034800971991,135.6123167572163,132.79244270215173,0.0
117,136.66133376402234,136.8613098234534,133.38152695813545,0.0
118,137.82126642876065,135.01677874828783,134.35868308350803,0.0
119,132.70268390143406,145.87639795032007,127.92976745858977,0.0
120,124.75721651491972,147.89206667812195,133.77388902031294,0.0
121,138.8535214378703,145.2435127189439,126.03043210458287,0.0
122,136.92807820145745,135.829408442048,126.78875877969706,0.0
123,131.81827768020565,140.9908602608662,138.99744351393744,0.0
124,130.1316649837038,134.56245464428721,135.03350841349763,0.0
125,129.11718039987383,139.95782066088194,131.26826272808876,0.0
126,125.77169887125044,132.95293221390298,134.2635912937805,0.0
127,125.43668019388018,132.9706176220373,137.70572887104757,0.0
128,123.33861127816003,133.94307291866215,137.08763642871355,0.0
129,131.4573754693845,134.7578251986447,132.79514035769176,0.0
130,123.32752659017302,130.64695869647102,119.72788408729858,0.0
131,129.69737089327086,132.86926980039215,137.0155331936382,0.0
132,138.60030348185967,143.78818171209883,127.54967790196223,0.0
133,140.25675721974565,130.25253679001787,135.46536939286477,0.0
134,126.027335846036,147.25317212807278,125.85333193103298,0.0
135,136.63943722547964,131.74170565332426,123.38359812406544,0.0
136,134.3313594666808,132.06504313337567,127.56674568613863,0.0
137,136.39495184230867,146.98623054253,120.7990089593961,0.0
138,128.17757745309075,132.1054310991566,133.47541618999549,0.0
139,134.87764033877374,138.8360406013488,131.00423793824132,0.0
140,126.57250216732498,134.50177618255827,124.99567460414086,0.0
141,133.49225961664231,139.64005417655144,135.99630524652704,0.0
142,134.40136781347843,137.67926873734072,131.01312866087582,0.0
143,137.77955323728239,133.3892546253093,128.72448625376953,0.0
144,138.0433858265205,144.0219002908632,121.03145559258002,0.0
145,133.3199661633031,130.65253096232718,137.54077312342685,0.0
146,130.11036053489707,143.5104493333442,136.52838917223897,0.0
147,138.30215689258412,135.81920914015484,121.57674926113002,0.0
148,131.5472938344003,137.81347315774124,123.86052829715831,0.0
149,123.15140115056005,144.80273133254605,128.15052817398444,0.0
150,126.71316146189031,148.9762103368575,129.48817421335085,0.0
151,136.37179832064405,141.52708373127248,119.09195793743669,0.0
152,121.81389850098799,143.03545121676308,138.84651681206466,0.0
153,140.69920037656547,131.981577638462,136.09243793333005,0.0
154,136.3307641046544,131.5094905763764,120.51429616278101,0.0
155,138.58538664730528,140.73943195412463,134.95753556110134,0.0
156,130.33967650171343,133.0473418161598,136.93971416909886,0.0
157,132.4352966642739,139.34852890045337,135.54934759822527,0.0
158,138.90657240729973,136.0983422795445,125.83001942869228,0.0
159,133.00220189440893,145.5658055444956,128.86952875820035,0.0
160,124.70195463393547,142.68005830177526,122.88862015776742,0.0
161,125.69167189491209,133.88922298892209,136.16733801207346,0.0
162,138.55090428472732,143.1529541075966,131.92604283477243,0.0
163,139.03948287690895,137.76156375885296,137.1930322723581,0.0
164,133.6123756966235,134.63523831608214,128.06036805372906,0.0
165,128.5447928052222,147.22515931902527,133.1421801721297,0.0
166,132.64867579736728,134.15050598816768,127.88766706857126,0.0
167,139.67016392677712,137.47409110182932,135.76235723364303,0.0
168,123.87952475264548,135.7400348414533,120.89618450250143,0.0
169,128.35077558504267,137.18456232576077,137.1048442567606,0.0
170,141.27454969365374,139.13833208262108,129.65342781063111,0.0
171,129.89911211970454,135.73496204500623,125.8073880639901,0.0
172,123.7575367398522,137.40640425258098,137.12083630187254,0.0
173,132.84795289178234,139.94954493752857,133.70909354221686,0.0
174,126.27382867894427,150.02116726732584,127.51096083063963,0.0
175,129.25121854794602,152.2551039487874,123.6461383517633,0.0
176,123.59589450637627,150.68908302807066,138.24947374797338,0.0
177,123.82411214372434,147.0460728040467,120.67834630812423,0.0
178,140.03177387461233,138.1935528096589,133.04061305261214,0.0
179,137.0699607091619,146.6605608162331,133.05449818765263,0.0
180,134.54534791696574,138.3996178502529,136.14865839069904,0.0
181,141.9682583856046,144.60375969194797,138.18621748652959,0.0
182,127.42420798130664,143.3757997616747,136.29163491155816,0.0
183,139.69718141533448,152.41883388899336,130.14320040526422,0.0
184,122.22660208154977,137.68005296522855,119.48005725916104,0.0
185,138.32881399472927,147.6853331325296,131.45788078215264,0.0
186,135.6871595562863,139.80738153780533,137.67749415224972,0.0
187,130.04505624326595,152.70841727316645,122.16399360405566,0.0
188,129.41912200214676,144.6692801683494,133.4662589527416,0.0
189,128.57323267458654,149.3655525286638,136.43143019170742,0.0
190,134.8304977229043,140.45747039189146,122.04869126924066,0.0
191,129.0899242411872,139.27429091683717,131.54554682467534,0.0
192,137.59559412934053,138.1187326559773,128.7334315158236,0.0
193,123.22191551167985,144.49432503763092,127.86181144583904,0.0
194,135.28473830043583,151.98135880381346,125.74211763712862,0.0
195,125.32467567713056,144.0378884568802,120.06927614598703,0.0
196,129.1466061899414,149.30791588253456,133.968327144644,0.0
197,136.26586292563968,141.49326028171959,127.84163013085883,0.0
198,125.97793804861288,147.87672986217993,138.66749304568577,0.0
199,132.94102329897314,137.0501023642804,123.10479992216277,0.0
200,133.90618730290873,148.26827029036176,135.27670387973134,0.0
201,125.08787111023736,151.97253834331107,136.8932771902299,0.0
202,138.46925240202987,150.233429013185,131.13351923938484,0.0
203,124.97640427792184,144.02467828132941,131.60377809501497,0.0
204,132.1795130051765,145.66012882194235,123.73722638004025,0.0
205,134.625224399608,154.50479877145455,121.63814310717403,0.0
206,138.88154374026806,153.19651434732484,138.1384235507329,0.0
207,131.49427709641975,145.69470134314156,136.5615190126002,0.0
208,129.22791089550947,147.20536305399696,131.60581459845042,0.0
209,126.90500695755199,145.29228302256553,129.57107719744806,0.0
210,135.32117017957643,138.37744735756098,130.85697646820444,0.0
211,143.18811219651238,154.44311815885328,122.79713127375608,0.0
212,140.39247839725385,152.5033619968785,124.14889484519819,0.0
213,138.17595425819042,146.4517947716052,121.37678924218864,0.0
214,139.820061379066,145.3865538674178,137.5719768342169,0.0
215,125.53986969049912,144.05387216743745,136.8276830534227,0.0
216,130.84442769183582,143.43012320768437,133.05331161695176,0.0
217,138.00543124552928,152.6294854996761,138.28143649463067,0.0
218,141.5214969191701,142.456305475236,130.37645765954352,0.0
219,142.75669445563128,145.34162852445544,121.7787755434824,0.0
220,139.64413628414678,140.51484439094625,119.45074302632845,0.0
221,126.3204377375509,143.04952854034846,130.16541468804056,0.0
222,136.7903418315262,147.36239835035693,134.45279221242163,0.0
223,131.19139448141502,150.4834318062214,123.27577557286908,0.0
224,128.99179047699275,144.14641530737774,128.14374187563408,0.0
225,138.2552272136714,150.08024098751875,127.09835427628234,0.0
226,128.85492097923063,146.94811038046467,126.17530465628357,0.0
227,139.39297194163947,154.76944407099623,124.6446542356404,0.0
228,132.80595452947932,139.9744381789265,133.52815418981587,0.0
229,126.06258630806857,145.41500550467566,122.38673454479887,0.0
230,137.16086345938956,146.1691681079699,136.33204347272394,0.0
231,124.58511243296277,144.4885621323516,134.25688197423773,0.0
232,133.60711347125147,139.96112793659447,122.01403609651722,0.0
233,133.24878369754114,156.13489974863458,131.7400834124392,0.0
234,132.79369037331307,144.83850433623667,136.17940410078566,0.0
235,127.93986980927706,148.12527011046245,129.9361315567371,0.0
236,129.11766056764378,147.02596899319718,119.32106684737461,0.0
237,125.91380909542232,156.43672873245245,131.35716657698813,0.0
238,137.26430731274044,147.46126319477727,129.9622648155423,0.0
239,125.24152950621178,159.11479334166745,119.77738842526568,0.0
240,141.76637427778022,148.21146748605506,131.25822971217343,0.0
241,138.85144788826352,142.46239793974604,138.9574236659854,0.0
242,136.08403901272402,158.68235828238352,122.57034755877501,0.0
243,131.54811634494928,149.8351920257805,135.54327046502775,0.0
244,141.9289354684319,150.05273683105617,123.1575070169536,0.0
245,126.56904046744184,151.69498197116323,132.9207296397464,0.0
246,136.0658113407999,145.66161889964576,132.74487267521624,0.0
247,142.56778357417187,145.51130826886305,124.04602882991041,0.0
248,136.55732145551784,146.7616697198701,129.34177526321852,0.0
249,141.35562527476318,142.33818844006348,126.33998925748692,0.0
250,140.91949071411327,144.81506187925584,126.25556217826349,0.0
251,139.35086284706136,154.82468560567443,127.20613883574183,0.0
252,138.26572591883473,157.1671399683012,132.98760997005448,0.0
253,138.93363761615205,157.61077544095633,124.42966492880264,0.0
254,136.95428264826307,147.08050325778635,125.79304284666603,0.0
255,131.58672862079584,151.68758998964188,137.327788820782,0.0
256,139.10881094179683,156.73724419115365,120.28335045533301,0.0
257,127.45400068855477,141.69877342059792,138.50395647071485,0.0
258,144.09320201603816,146.36230489458913,138.6405389354607,0.0
259,134.87875533970316,160.90766572259477,121.14989755963514,0.0
260,140.80139674247602,150.4051465896446,125.7394222472184,0.0
261,130.9604031645801,147.7905831362238,134.44925353621042,0.0
262,137.88929357489863,147.03002866724614,128.86068699769368,0.0
263,141.13755427987147,158.52690307176087,124.34153111587513,0.0
264,144.48660571640326,149.53002226942974,136.71931835416478,0.0
265,126.22603603146467,160.71920524361886,134.83894364578268,0.0
266,125.78730039514943,145.56899306676314,122.01937965563714,0.0
267,125.45912973410731,153.26024210884628,138.9999967432322,0.0
268,137.25728178400846,160.61438607056368,134.05065420216118,0.0
269,134.9560381807186,150.2196672451727,132.8077627818778,0.0
270,131.28430830825172,149.68926597899053,135.5865569049912,0.0
271,140.466570491344,159.42314784291733,120.98178572501968,0.0
272,125.53750158903166,151.9794483548223,122.26564885094807,0.0
273,125.87287484869807,144.6132834659403,123.48430549211633,0.0
274,127.03435326591958,160.00274169874356,134.05275971655237,0.0
275,128.32120406336043,151.88087786456381,129.4575228515755,0.0
276,137.50058219387773,152.67977987630465,131.53852512659319,0.0
277,132.00114058890443,152.51092240694973,128.4594125786213,0.0
278,130.1144189390189,153.38204091249722,124.89815277549981,0.0
279,143.21613162014756,163.0679620024351,128.82870056199005,0.0
280,135.1043436850719,147.00124793510767,136.147559363229,0.0
281,140.1622067669437,160.3718682934044,126.19510298948633,0.0
282,129.17739261200623,163.30093344657496,135.1692792966131,0.0
283,129.2975693038576,150.33441298676814,123.12149237598612,0.0
284,139.79870031110806,161.14578615551886,138.31331709612033,0.0
285,137.3496270891165,161.11914845443684,128.2428235341008,0.0
286,135.55071497975146,149.52047567193523,130.98298269920923,0.0
287,135.97278765566324,156.89188984387346,120.41333273598529,0.0
288,127.66196188868855,146.8657185031586,134.02076429287504,0.0
289,133.10335618220134,156.35350529805828,126.07112897649674,0.0
290,141.49082730848755,150.61987706148182,126.49589586979201,0.0
291,145.4497366432496,160.29621780509487,138.08562983382544,0.0
292,129.93518981519287,153.41395911459583,123.4483627885776,0.0
293,139.7797002318955,157.36871929876776,131.35457190627707,0.0
294,138.54159692440282,149.29441851980397,125.31655881369973,0.0
295,126.91102807779596,162.74305661651394,137.99792045037245,0.0
296,131.58037207076035,158.28211677725622,131.9675767559377,0.0
297,142.65947095222245,161.68706262222616,138.3694923468662,0.0
298,126.72581883417665,147.4062301603361,122.24595383016408,0.0
299,131.69356552835973,162.49160091844487,132.3909394904292,0.0
300,138.31192759875555,165.3315763144376,127.23158546715364,0.0
301,131.2558981772684,146.8462562391826,136.31642887725053,0.0
302,140.73999670091825,162.4452800333142,138.5381964273017,0.0
303,134.2705699079634,147.77584269327195,131.86569685351523,0.0
304,131.4966104269825,146.5486417410671,123.54280672614641,0.0
305,128.3041013511418,152.8117017089292,133.86825108690536,0.0
306,143.00631472634302,165.22061898732977,137.383660425596,0.0
307,141.9042056440727,150.7939700443163,122.28148377141568,0.0
308,129.87896464479613,158.22248072894672,138.66620472602628,0.0
309,143.55805244966405,159.80799660307878,138.48204759982227,0.0
310,137.3814663198652,150.95914386817608,128.31545443356862,0.0
311,136.92833266814688,148.1398202787745,129.76473763076314,0.0
312,140.92940046148533,161.07845449965936,124.44213960015652,0.0
313,131.615316343517,163.92179887892243,138.7011420411328,0.0
314,136.5778263360944,166.04529786648365,120.17437694776962,0.0
315,145.30154376007098,156.66991912721696,129.47015810329026,0.0
316,140.63917170122468,166.42208800379535,121.37370638954799,0.0
317,138.2915548307253,160.13594848158493,124.1710380436901,0.0
318,140.90112865129612,150.71448454932286,133.7453809418482,0.0
319,146.1383909268367,148.39722458550884,129.27561059575385,0.0
320,141.4546823490043,162.55313277833827,131.21993609721437,0.0
321,139.31339198789257,161.94182488187323,137.01290081896994,0.0
322,130.99930243470865,150.79565489511984,132.76085532884392,0.0
323,142.19067468475362,165.829285658635,129.93240093399572,0.0
324,141.48497038096428,156.86259291544894,124.88210113895673,0.0
325,136.22458913895622,157.93253554777857,122.37324307909779,0.0
326,130.61381064569784,163.59720666900063,133.30036116286584,0.0
327,132.0613434211613,164.49985122804324,129.77506422968324,0.0
328,147.73285002180253,155.2420595252559,121.81355591075067,0.0
329,136.80648123015882,160.26954157783786,119.86811636238943,0.0
330,146.82096458980976,161.83914188233305,121.45927811673388,0.0
331,132.37362608742046,161.29955299260627,134.69465611502505,0.0
332,147.23032636811553,152.490069741291,136.14959179102763,0.0
333,144.671426060636,169.77003617102264,126.28790761773556,0.0
334,131.86793733458887,169.86252820114785,128.50821716195804,0.0
335,142.81487144174667,163.55917637645976,125.75615524153139,0.0
336,135.81515356682303,170.13535399389025,129.0555340431252,0.0
337,132.8735321387814,170.15105202133074,121.88539788646206,0.0
338,139.91474592398038,155.60736663256986,134.65120920034144,0.0
339,143.73749684088364,155.30518194882495,136.42123453730457,0.0
340,143.9774216075622,168.93990620270228,124.90106090522308,0.0
341,132.60876749336688,161.70701137254937,137.3244161914282,0.0
342,133.02973576509476,152.55879420115045,121.6154549670918,0.0
343,136.5101239077781,152.23045342038586,122.95578983533261,0.0
344,134.48804600304047,164.72157073249952,138.07254069507064,0.0
345,131.72872743000082,158.02828197784555,129.60124319426396,0.0
346,147.16909569189414,165.9325245540575,139.33170843832426,0.0
347,145.0413013007469,157.51720787187213,132.65000852057932,0.0
348,142.6660712815853,170.63363052102423,120.77431789595727,0.0
349,129.16701946681025,158.9388871173673,126.03836154494724,0.0
350,130.37356991576345,162.2061787657505,129.0872266327288,0.0
351,137.25314900171222,169.04004565130674,123.07823846677768,0.0
352,138.1910633304957,163.42571888492415,126.88248971213528,0.0
353,148.68221477701553,159.22624976310644,127.48472054122753,0.0
354,136.0114449064271,167.17853155479753,130.54248081675917,0.0
355,147.54156370333325,166.5420887088393,130.48168079088038,0.0
356,130.2549722338347,169.14074489306535,127.45999889695642,0.0
357,136.43748376698406,166.3411498155836,136.3838913629017,0.0
358,138.65157440200736,167.1880260383583,126.51611286298274,0.0
359,131.8892505402761,169.99592822552424,131.64868869533512,0.0
360,147.91737035096477,171.64975157476647,137.6993602108862,0.0
361,133.17996412858554,164.24817765195613,129.62368905841993,0.0
362,139.78015433061054,166.4610873730487,131.1745922025953,0.0
363,138.1833749580883,164.9239064239367,137.60879103545284,0.0
364,140.90193895242032,165.15819420291925,123.8650946082313,0.0
365,132.67851764900348,158.99846704668377,139.4017099169447,0.0
366,137.6128413984738,162.61435904024157,126.29204071038833,0.0
367,136.7060644319048,167.60470207982593,123.04003807753038,0.0
368,145.68331460571673,157.72042260394568,120.49050254125234,0.0
369,142.44642088483386,172.54617149568634,132.09827886225347,0.0
370,140.79333457699832,166.3117905033077,130.1471475878841,0.0
371,147.79014944487204,166.00609736878067,124.55962849940835,0.0
372,144.82895293209376,173.75898786083894,133.89319533901624,0.0
373,143.90890434760726,158.0327489397316,124.24260567867184,0.0
374,145.72822791882,158.6576544021589,134.28913861996708,0.0
375,137.99636639194688,174.44572343877752,132.40719820147083,0.0
376,141.21924852497654,167.8487883992458,136.81994569202288,0.0
377,140.836669850897,174.85515509995,124.11731200055533,0.0
378,143.0757109649541,164.9252643696934,130.00712620872048,0.0
379,145.13863002252276,156.8797274081218,125.86992291560703,0.0
380,142.2174772759434,157.27222115473043,132.37266461433703,0.0
381,144.4443226823892,175.06321455107232,125.24016540760707,0.0
382,137.1935759458705,172.31646531250428,129.85716986350707,0.0
383,143.3596953761097,167.42148342613305,126.27770129261332,0.0
384,145.74773397362142,173.5280629373857,127.68374054844263,0.0
385,142.60168160752863,164.81672638686717,139.20446504571353,0.0
386,137.9593579105721,166.9395641459472,126.13998757117136,0.0
387,139.87387008171055,175.61931584953692,123.11523411267615,0.0
388,140.48249900427962,164.37789320136818,121.19295275007083,0.0
389,144.5427783635263,165.6549259023646,135.71148479898406,0.0
390,151.34981279467706,167.8820010558237,121.11835462898236,0.0
391,145.69353091836888,164.695680955664,127.82525212318853,0.0
392,140.39459997005568,170.19441833994844,121.1194998074487,0.0
393,140.90744416512354,169.27639448705713,135.12530866875534,0.0
394,143.17461892168467,169.07925381869882,126.12715245905542,0.0
395,142.92184270454607,175.71722883769243,120.88339210331411,0.0
396,144.49995206982402,159.3509760016258,138.8518904700249,0.0
397,151.62872335953955,173.85754099919853,119.96329154628769,0.0
398,143.0687045706405,167.6685852672455,136.21988566625848,0.0
399,148.54993330107897,171.37648770247398,124.62666519626904,0.0
400,147.95856431012214,176.6123183065425,128.29674879888333,0.0
401,138.7028496634965,162.82121863599252,122.49531821442092,0.0
402,150.31425120866658,175.32878095761487,128.89465877628697,0.0
403,134.2687992521473,164.71651732193536,120.16767026546117,0.0
404,144.27058554569092,176.32576758120743,134.67976971734794,0.0
405,144.48004400897685,171.7164319516755,138.6186709927676,0.0
406,150.0500894967134,174.24832432299493,133.90581282133434,0.0
407,144.94992429231317,174.553142529335,125.68615908015273,0.0
408,141.59757978452842,175.9795962133532,123.57491015197706,0.0
409,145.143595867293,165.27284409149468,135.84922229105783,0.0
410,146.17034770184637,163.22130023148762,120.50400269767937,0.0
411,143.61998141346453,170.2174698657678,125.66358844672588,0.0
412,151.22317942441055,159.6242493358014,138.54847590147116,0.0
413,136.54780764378435,161.05377193956244,136.71800152760125,0.0
414,146.44445265565523,178.39943012454415,133.11536675775255,0.0
415,151.26219528053707,173.97522469006145,121.89532724263157,0.0
416,149.53112895306978,173.85391610598896,131.23910837222166,0.0
417,140.61921870332415,179.45042268799506,134.98895200267822,0.0
418,151.31913515791314,176.43103807273295,123.31113740644346,0.0
419,135.76664476902153,169.5274404526728,137.54552882390436,0.0
420,144.6401754329537,161.76806383877775,136.29389983098412,0.0
421,142.67610470001702,176.96819150185206,138.71185299381105,0.0
422,152.08780239277291,164.21178392058494,125.99702178226933,0.0
423,149.29151930587605,168.87977454855852,134.77392859905592,0.0
424,145.0584233085704,172.16842047017323,126.91102028638647,0.0
425,153.8187170178084,160.77940489445317,125.47065026325416,0.0
426,137.51117001580275,162.58713154655624,120.03014803290769,0.0
427,153.61652834883847,162.85834093107744,130.09210304088904,0.0
428,152.3873767718195,175.14853556957792,120.23906065664076,0.0
429,154.50042062599496,161.5511091814973,132.94435734962028,0.0
430,146.0246497054399,162.19168034780643,129.77142308478693,0.0
431,151.9572339758082,177.21385293511355,134.38137220171916,0.0
432,143.40964639404564,165.07723406232603,135.8717064780347,0.0
433,151.63974335528832,174.75278232605686,128.32160974016085,0.0
434,150.83949438315193,173.76409730453008,128.59732010263122,0.0
435,151.54866814503836,167.15985743581567,120.05831910090218,0.0
436,150.38278614249717,181.8901718921698,126.1548699768936,0.0
437,136.74181193394259,168.71429626148796,124.28341615946447,0.0
438,149.64086116927533,174.92351197497166,126.70612743732826,0.0
439,142.94335107652773,174.46234532340873,122.27975144102088,0.0
440,140.3653614930612,168.02280178503233,134.6716357068437,0.0
441,150.969187100297,168.93608101792375,123.59202308904543,0.0
442,151.83266941026662,173.63363174979014,135.6073450062821,0.0
443,147.6391408681,181.61222695960612,135.75882524441457,0.0
444,141.45557516237653,170.30643959636444,121.05994747290319,0.0
445,149.7170925604179,177.28570618499427,123.53128783610906,0.0
446,139.3896380646262,172.71033877816893,138.76913285223128,0.0
447,144.52406927302414,179.55035800721566,125.3768104784942,0.0
448,140.12303850506683,176.41165547221024,135.01322877735234,0.0
449,141.7159073405905,166.55259975252275,132.48900506229978,0.0
450,155.45308463081395,182.2089821376778,138.55852765766787,0.0
451,147.21780332487032,171.00277462696258,122.74437569933814,0.0
452,143.75314132799312,177.34176333775991,121.40198723078963,0.0
453,141.7535638879344,183.17344347297023,139.02603217870478,0.0
454,145.77927046335566,175.8428425901631,135.18754877963778,0.0
455,150.4615123045367,167.81709047406986,123.46705457959217,0.0
456,152.24942172199016,183.49768153255684,133.7507102751306,0.0
457,154.51810153700822,168.54035912300014,133.70488470555892,0.0
458,152.16191886473712,166.7212933676705,139.3734199029644,0.0
459,149.88250646972142,178.5069684775179,137.11962534160315,0.0
460,146.29354153405586,184.90239766918322,125.04866056840633,0.0
461,148.8364688064153,168.33658596843233,130.91929265435934,0.0
462,155.42226105761304,168.29431136963393,136.76314457661599,0.0
463,152.65173696524303,174.7925222609863,132.57141678377727,0.0
464,150.3863008282265,172.04180468008198,135.1404276563889,0.0
465,142.9462395355368,178.64842565640808,128.41122845467805,0.0
466,146.5327169530599,183.9815465261169,128.97091093673862,0.0
467,142.2398144061679,172.3139153318849,138.3475206230593,0.0
468,148.52658995974525,182.99542317193914,134.05676594705776,0.0
469,152.96058879006077,180.83952070562873,125.13372975673445,0.0
470,149.23447082298804,166.67264199302312,130.85804385608512,0.0
471,151.93478166603418,175.53598962574844,124.84587737948614,0.0
472,153.0976493500441,170.54165224528828,127.78803462729066,0.0
473,159.32470151979507,173.46790712091888,136.6519884831928,0.0
474,152.89341092486362,167.97840176089298,138.63493921566814,0.0
475,157.45133216374924,181.33117120188084,140.28207183029318,0.0
476,157.25204267686098,172.33928404756296,138.75654220612182,0.0
477,149.45081351442553,179.11442717855013,131.6391908279276,0.0
478,149.70574243435448,182.9445489143675,133.8514694627185,0.0
479,145.2549200598303,185.4518834370133,124.84652612787306,0.0
480,156.7980007972297,170.67410690653105,135.05738865638392,0.0
481,153.72196299406835,173.54373339501703,126.84054224475415,0.0
482,156.79182400982327,185.68635590913917,124.92447291849915,0.0
483,142.32169536133785,176.40760100810272,121.90614982605805,0.0
484,156.0475536668598,187.1994916174157,127.26652893381468,0.0
485,144.21655277749767,182.58455276871445,137.52720399964443,0.0
486,149.0770152955855,181.03780355357628,136.55784890477378,0.0
487,158.64909617245985,179.80613197772138,120.584090380037,0.0
488,154.32552900396382,170.66768626705576,123.08967277592663,0.0
489,153.3961028470413,177.96683728943495,126.69394108471752,0.0
490,151.7102435721081,177.16342031216243,134.4509430085446,0.0
491,147.2540207725302,185.4730481461727,125.66587663917387,0.0
492,146.05521495949156,178.6706599304877,130.41215497915405,0.0
493,142.4662282177092,171.56199716246059,138.69923697166945,0.0
494,144.21667572834588,182.78362676628504,130.48371399706983,0.0
495,152.9688137836372,184.34146223838647,126.51063856552587,0.0
496,147.90271367273928,175.23364545040664,124.74547174947169,0.0
497,160.2956307600981,182.7179146784554,122.9048346920423,0.0
498,159.54393699605623,185.83419504730344,124.90558571561387,0.0
499,159.96414825537045,175.49577435107406,127.61368857041735,0.0
500,158.46453636168405,176.2067180837101,135.65128334979812,0.0
501,142.2508557972142,188.6997809694554,127.47709392825016,0.0
502,156.00314128371303,187.86179944439158,130.19091783341102,0.0
503,153.249323323775,189.31768458156097,136.05955491618514,0.0
504,147.0716733574069,190.1073861437368,128.79470917073527,0.0
505,149.224002586523,171.58469340228453,133.59998093896064,0.0
506,161.83327674818386,172.11564429252692,139.79633881795561,0.0
507,144.0942383104138,185.46207826959338,135.07011579095297,0.0
508,143.4099903807933,183.06298758867257,136.87877547493747,0.0
509,151.84670440206048,172.9998417259734,131.7326518886139,0.0
510,147.18504290936175,180.1450226406721,138.39383277417465,0.0
511,146.90250721893054,191.01819751484598,123.01114305183684,0.0
512,156.51182811424115,186.3019422985389,125.37443395797447,0.0
513,144.12090074659233,188.1667876234879,128.0518421031362,0.0
514,158.2510423980934,186.58390985345505,122.2167973190171,0.0
515,157.83217686856642,189.4658764584634,127.88407471630498,0.0
516,160.7867812665948,174.50029664534975,127.48806092580394,0.0
517,155.27906551135518,187.1559869857107,133.5988623466784,0.0
518,148.12388927362292,178.11554722307147,121.2069348540878,0.0
519,148.4166251710437,190.44879406083732,135.08550338726792,0.0
520,148.53114495364233,184.8374686422687,133.29997711195472,0.0
521,153.32096787373672,179.62096776364513,138.4742193080968,0.0
522,153.59853607574067,178.01066395385007,133.32367519258892,0.0
523,159.24455135209382,182.17823601890422,130.9585114745296,0.0
524,158.73591970131895,187.38669591093722,125.62708402080644,0.0
525,151.62438714385766,185.03050599705702,134.45565335442421,0.0
526,160.93204396980929,176.73279145412317,126.76743821363223,0.0
527,156.09505498012805,192.47826606919946,138.19360641181154,0.0
528,164.35996736789903,175.97946304130656,132.52613295673459,0.0
529,160.08806799433336,173.42389867653293,132.42683542656263,0.0
530,161.91133111203482,183.9492112491679,134.95175673957925,0.0
531,156.07238037618842,192.8114146498206,140.72606150775673,0.0
532,152.3015014538465,185.73218694664766,127.63456743473215,0.0
533,148.76889449721074,183.9374989115989,129.18342114761379,0.0
534,158.94142475024935,176.02197047120677,129.06997495761615,0.0
535,148.74911710937937,185.39148944691303,127.76855723797865,0.0
536,161.85704371702116,181.5136589211171,127.29070982944934,0.0
537,158.50799860529028,179.44578763406494,138.3519174490295,0.0
538,148.5644548772291,174.99497976758317,138.5801197060219,0.0
539,163.347919504205,174.65365634154824,124.21948126242556,0.0
540,162.0379311986385,182.23540535228193,137.90260890384914,0.0
541,163.418037172952,187.85913320357974,136.20168307585834,0.0
542,165.7237657946632,190.6388242105913,129.35799482884647,0.0
543,148.98673204398327,186.63875074936695,139.08928884842746,0.0
544,151.64858620994238,192.0280957559465,129.27091345814117,0.0
545,162.9034269464353,192.51401925312584,141.4983084684691,0.0
546,151.29580409978098,185.39896792615673,132.9306964226104,0.0
547,162.78530106997786,190.90427426219247,131.28141677649617,0.0
548,152.0040530320912,190.0511996065511,128.23141155805428,0.0
549,160.78800865689976,190.4936528125769,122.73702557151945,0.0
550,159.5109322246583,194.4053567403698,125.86586760732027,0.0
551,161.13009520068593,182.0304464104788,131.47538713960222,0.0
552,151.29067612472937,180.9107270292311,130.458964844236,0.0
553,157.19928698641155,188.28032907403158,134.94252925193,0.0
554,160.39986681835262,180.55099805115339,135.0732173541114,0.0
555,162.96214346816114,181.01583666115584,128.30436969335906,0.0
556,150.11392586752342,190.40680631621214,126.34958955681962,0.0
557,159.26087979994716,191.1179955330123,136.3956399869633,0.0
558,168.53110829402354,192.03743242098062,122.92435648281986,0.0
559,151.99013299696375,186.26516932640874,133.48567087124337,0.0
560,167.85599010000607,183.97688286143062,140.88733640732605,0.0
561,161.51756008275663,196.78170354943248,124.40770962386544,0.0
562,151.64073066055866,180.4053471172271,139.32024376474854,0.0
563,156.80925822215718,196.9149344887092,123.18769077126679,0.0
564,158.23664062539274,180.7739578017812,126.12163970346103,0.0
565,164.70320852064953,194.3997965726087,128.84923945512267,0.0
566,158.27035968154448,178.0994190103662,141.97712643734417,0.0
567,157.28113351934917,186.58649167064553,133.29140792254407,0.0
568,155.50705556234652,188.93718815967705,132.63247882552744,0.0
569,162.08836492773528,195.0323415472954,138.94760353461285,0.0
570,161.493585274231,191.42715227838283,127.34036988956674,0.0
571,163.51169601969534,189.9368149358819,141.5494718901736,0.0
572,160.81023023180967,195.86522986494444,134.4945757680679,0.0
573,159.49934168213562,188.81486241498163,129.33211940460254,0.0
574,163.35531074168898,183.83422927148965,131.65859919656012,0.0
575,170.69060321963246,187.18639738283042,123.5390596684167,0.0
576,154.83890428359246,193.2031856832245,124.84727848447588,0.0
577,164.58118525070677,190.88907274041054,130.29532307290413,0.0
578,165.39566419096477,187.80334850446044,129.5986399570895,0.0
579,166.7416172793591,199.80269598611326,132.53770854387275,0.0
580,163.0699437931534,190.69793066714323,124.90882802581888,0.0
581,166.01341684512283,183.73655281381798,135.43565307253994,0.0
582,168.4470988505264,188.63229570288976,122.87263331450107,0.0
583,163.59766635943177,196.4205291826556,133.8207101328456,0.0
584,162.66537479834008,190.59934483406334,133.34697937825015,0.0
585,157.2933636878209,187.78138714512693,127.29958979004296,0.0
586,154.7787333525582,194.94799416896228,132.71556786786013,0.0
587,159.27064237718716,191.1022583896682,137.80302119612685,0.0
588,166.79915761971574,199.2832525989843,130.5421825762901,0.0
589,163.97505684236194,197.81046828328925,124.92000338597802,0.0
590,173.73003382195716,193.73141212805402,128.3186120288093,0.0
591,166.84308036433552,184.97373512686832,124.11413227383844,0.0
592,168.2240054989843,182.1793240437524,140.5131514947042,0.0
593,168.87573849875486,195.91866129197356,141.2144060573283,0.0
594,161.7878359864377,187.61638796925752,129.66324378028165,0.0
595,168.2952017060412,191.72175998735568,131.20613053417077,0.0
596,160.59805269082898,186.37701175018827,134.35802037504138,0.0
597,158.9806464777283,190.98986080167347,124.61247541074223,0.0
598,169.08516263508227,188.39074234373027,136.26335622430278,0.0
599,169.1406270528771,200.60586679241052,130.9464359817218,0.0
600,155.74700939473846,194.59941374569644,141.67722674240275,0.0
601,160.04522172415415,187.67111655851897,135.41200374088447,0.0
602,166.4543600388742,184.40560687805703,139.42211162556274,0.0
603,162.09650303385794,202.87264380265069,134.34309266494992,0.0
604,171.789872259465,199.57451895585214,122.97987823581337,0.0
605,161.9312844386199,190.47257591955088,135.58147952324123,0.0
606,159.71104102882268,198.67737608910514,141.1912156663719,0.0
607,162.2331584288347,200.0318186153642,138.73036259244742,0.0
608,168.71565121046405,200.3493507862389,124.17779461856014,0.0
609,171.70915904016522,197.77459065718745,130.12951155050416,0.0
610,161.99746646450106,199.92138904717274,140.61025030963964,0.0
611,176.01121880589326,186.66746759670386,131.71067987004096,0.0
612,165.84064496956398,190.276128714687,134.4947247873336,0.0
613,157.72608575211876,185.06108991029203,139.99233551029326,0.0
614,162.0455639829188,191.0367368743337,142.88944879450295,0.0
615,167.1887367016278,199.63253850883947,128.16149273058798,0.0
616,160.52349585553392,193.13067398733358,123.71243492368261,0.0
617,161.82948958499318,185.13361367762428,126.20366895842615,0.0
618,163.98401358151742,198.348295805762,135.62388689613,0.0
619,165.12490753749262,200.748203981451,127.90409039355559,0.0
620,163.99335260258835,194.6714536643906,132.95685538225328,0.0
621,164.4918481325822,189.89374440124755,139.07539383692915,0.0
622,177.38733151071878,196.61979179387504,125.50088569847499,0.0
623,176.34339001743555,204.50655578777673,126.0514596262242,0.0
624,168.58725705726465,204.4282325134711,126.50549102728294,0.0
625,165.91258793724217,187.33206793442739,138.25389558601904,0.0
626,170.94826972562717,190.2052473199909,128.93101729674518,0.0
627,170.21120884264923,198.71330317422286,138.5382833642597,0.0
628,167.7921092301893,200.6527190392321,138.91539483842027,0.0
629,158.7559865881765,205.6470291935245,137.08283000402963,0.0
630,166.88483543656213,201.8609452411712,127.58141240052629,0.0
631,159.0166419108974,204.84067170825315,127.23237743375113,0.0
632,169.5930534115147,201.89988465331294,137.8036677296701,0.0
633,165.5677028923629,199.77544434550663,143.1807983400786,0.0
634,164.31333076456073,193.96325129365857,124.69571254545887,0.0
635,161.73719690200943,205.3328682069775,136.84794568225226,0.0
636,161.04671176277415,203.31437540367753,132.13822796242164,0.0
637,160.61635255949585,206.09898769255588,133.52630781823098,0.0
638,171.10152665924483,206.3635983600969,132.90400478116769,0.0
639,176.3755637288681,190.6729718664744,136.718146512944,0.0
640,166.24089043998524,195.07508536308674,130.90973456691236,0.0
641,174.2257829803931,205.51507242127482,140.3487400847605,0.0
642,166.1331529887174,195.0356055739875,125.38438214894413,0.0
643,178.4535265177464,200.7668891001155,142.5682768838963,0.0
644,165.75879970977027,202.15356344923163,139.91349263654027,0.0
645,179.05457228445255,209.09593906471144,135.20974090129528,0.0
646,165.95177431904133,194.4487581244609,125.64324940245776,0.0
647,175.7847767470783,198.6230394057142,139.1147980748017,0.0
648,162.61453463217086,200.01306734406916,134.74787475226165,0.0
649,167.68682927943257,197.29123345105515,124.8397130236536,0.0
650,171.1736669306391,209.5596809285549,133.21113608300982,0.0
651,169.17109224418374,190.13202084353225,139.2530689288402,0.0
652,170.45642882619921,202.2222622545104,125.84851734224242,0.0
653,180.03640398266936,191.41961239999497,132.6554326529484,0.0
654,166.09575704905768,192.43742475310398,129.0750474865774,0.0
655,182.0578713383073,190.77037421719515,129.69305845740985,0.0
656,167.92822813257274,200.18309579567617,135.81971221387465,0.0
657,177.78048930602367,204.01244676544067,135.38268937376435,0.0
658,180.83577347811894,200.06645927720774,128.82090785852023,0.0
659,162.8186020553832,198.31268721286256,142.30932153043344,0.0
660,176.88041742909886,209.37715716966537,129.8493160048844,0.0
661,167.24781744228986,206.78145445353624,125.65310131021974,0.0
662,180.19828766704677,205.83216829452232,140.7845819782894,0.0
663,170.16174127080095,202.82684180055318,133.2770054055675,0.0
664,180.84451049225572,202.14592650609592,124.92068252539528,0.0
665,175.7935981432908,205.09939911773307,140.88708917475287,0.0
666,179.86720366939218,207.63220454775956,136.9020968554907,0.0
667,173.3143197415969,203.02030518306637,134.31240745599047,0.0
668,169.59558974295072,199.04791339398238,128.23397489233378,0.0
669,165.24358749684308,203.69847434800857,133.67178669931818,0.0
670,168.88742036236215,199.50924889007845,129.2246631234369,0.0
671,177.7708177541732,207.93182408377362,126.06574168488243,0.0
672,176.8287920293635,197.98924171372622,132.48831120585442,0.0
673,177.81207982080397,206.11291618473962,135.3222490149402,0.0
674,179.25169494405168,196.22520224875993,140.86620154108118,0.0
675,173.15871685640448,206.79499158525672,138.6180634209865,0.0
676,176.69274662434088,199.80140121659616,134.69006937808692,0.0
677,167.27276697191775,193.4759085150753,142.39949128348775,0.0
678,180.05172066976462,208.88820977345028,142.23225589302362,0.0
679,177.45612672635733,201.95397333942833,128.3353726108635,0.0
680,175.8429290201736,195.90545911785563,140.13119750628024,0.0
681,176.68374109422393,203.15007250554032,143.40144363018905,0.0
682,168.39943863196063,211.0172691210871,136.01203188183638,0.0
683,180.41967483805746,196.7878300031815,141.18861999888878,0.0
684,176.03723762219127,202.81220086055944,134.8841663686426,0.0
685,185.07017474346705,201.88705402518315,141.42463750463912,0.0
686,173.17192299386758,205.3093643135009,135.97159521440804,0.0
687,170.58563513100307,202.11472474003435,134.80423200803034,1.0
688,174.67359539429904,210.77255706296052,143.03369789774183,1.0
689,172.1550344475848,206.2247278130042,125.72286457536885,1.0
690,183.89721034836103,208.753542108017,145.44580477314818,1.0
691,172.178263571506,209.24006010540222,130.41492438401596,1.0
692,186.5673811399443,206.77143598637173,134.4593743728648,1.0
693,180.8836699346409,203.71025287663613,139.03324604162918,1.0
694,174.35344648217455,208.93026218213015,143.16363037484695,1.0
695,182.8057246833432,211.2339833286421,136.1348707465667,1.0
696,182.44639595275444,198.01592889489095,140.3145635501374,1.0
697,186.03433047016384,206.56273802652717,136.64717416040725,1.0
698,176.53795789961447,205.18641708540454,138.04570948925368,1.0
699,173.53078035278276,216.22379530283678,138.05700111993448,1.0
700,175.5270574593509,216.87561009038515,135.04191795560334,1.0
701,169.86444196752623,217.09517712905273,134.44102971365206,1.0
702,177.57867119162304,207.88897781388735,130.07005613835503,1.0
703,172.19070942613416,212.7603951673367,137.83657369444538,1.0
704,178.95413362050655,213.32405782828772,140.07545425194212,1.0
705,183.8556245234607,209.26905264652154,132.5192007709352,1.0
706,173.0027871048958,218.24814462453648,131.56001598018702,1.0
707,184.18650415008923,213.93783850194595,144.98689179991743,1.0
708,182.41017549489914,208.69766013063813,138.49964709146505,1.0
709,189.61518808298604,202.38538587806087,137.8439121416246,1.0
710,173.34218231792255,204.96999101880758,142.939123876243,1.0
711,183.6909482689762,218.24316497810054,138.54235337260843,1.0
712,180.12228401090235,220.77235889269122,131.03070965914225,1.0
713,174.93284753349644,220.5342913320094,133.36706544408332,1.0
714,181.7361818677498,208.97937072886668,141.1332540186994,1.0
715,183.148269276311,213.36164993413013,140.8052126168538,1.0
716,181.99058724287127,217.07523435578648,128.28393392130394,1.0
717,190.93261521604802,212.81753817728963,131.36696111226897,1.0
718,188.3060162015108,207.589953269202,140.88870957308916,1.0
719,184.37009489140868,220.92803596416584,132.65202005223222,1.0
720,184.6275457011519,207.82373725849735,133.5385445027239,1.0
721,183.6085504911643,221.61131347685128,129.64050520009107,1.0
722,192.39989598670013,214.95593053395407,139.20840506294337,1.0
723,192.41573674874726,214.2603437001977,130.66503292137762,1.0
724,179.68003093418443,210.48812709745164,138.04255484253844,1.0
725,188.1628336225924,218.75100160840552,140.77560283728565,1.0
726,190.49648812062435,213.87698725606788,132.31722741152322,1.0
727,184.59977341282004,211.6448696353219,133.55262071517865,1.0
728,193.19057609000646,212.4884278908118,141.83037207086772,1.0
729,182.1827153197739,213.94268875021606,139.36696561679918,1.0
730,176.44235479942566,207.20526054502238,133.35679340546824,1.0
731,181.22701918597357,211.15396510241277,133.96855684524863,1.0
732,193.15959490577265,221.22516456764035,132.84144599010756,1.0
733,182.06440530664548,209.21286126613143,131.60949757028567,1.0
734,193.2997892129825,223.33650439819843,132.27907285223262,1.0
735,190.0194314225898,217.6167064058531,139.7510326149082,1.0
736,177.69354009075042,225.32433664602888,130.5475592649033,1.0
737,188.24345881918367,219.07951387500378,132.28358744320067,1.0
738,191.95239694524926,209.0650518334886,147.44965025095527,1.0
739,188.30436096126837,223.33538819684316,145.0285436008609,1.0
740,194.93974541722832,210.01122451484588,144.00439952487739,1.0
741,182.2771680897377,222.85015785136852,140.47735157244594,1.0
742,188.24038806092435,207.12920212895628,134.93661780414274,1.0
743,193.08815227082007,215.45407890013823,131.17846132326966,1.0
744,190.41778505291143,212.618895258899,140.25615055941404,1.0
745,188.49690614934605,208.51471111309334,135.9677598128066,1.0
746,177.31158143191783,209.14504181753327,138.63898656476604,1.0
747,188.4725137915766,215.91423365202633,139.32037773461502,1.0
748,185.17604901951012,224.95013228737915,143.92442569535447,1.0
749,184.61572170241575,211.78989301297025,139.00830132666965,1.0
750,179.9989557590891,224.2874908914504,144.94323680265865,1.0
751,185.9012139100261,216.68683312828153,141.8708505705691,1.0
752,196.1598172273604,224.4123045634128,144.59440727267162,1.0
753,184.10060127145286,211.68070009728007,143.62080053111836,1.0
754,185.28485053503962,209.99184446176898,134.45012687921388,1.0
755,194.01447951931428,215.20383842579676,132.46264058858242,1.0
756,192.2146326758134,219.2528519869748,145.33431115579873,1.0
757,188.99177979189713,218.11620147990226,144.50039662216247,1.0
758,190.26299526500935,213.49235465446324,137.89002410121714,1.0
759,185.37074908552827,209.8912878333881,134.84068774027682,1.0
760,194.8127321590011,217.28690888297493,143.00938016895566,1.0
761,185.9988827079376,209.98628769091962,139.95368577933354,1.0
762,198.46985638385326,218.7505942252379,144.28528614206175,1.0
763,197.7175991329197,212.97894810611484,148.44415877675073,1.0
764,185.16872833237852,212.23577217717082,143.31775413250503,1.0
765,191.50614389727147,212.92670155184723,134.95150831484116,1.0
766,186.33915929078339,210.72086665638423,143.32660251690345,1.0
767,198.42650342956506,211.43397453828317,139.61672344594632,1.0
768,200.2335101377836,220.48495541427104,142.74751942928842,1.0
769,199.04650251201755,225.02362599602444,145.29625514438752,1.0
770,199.20446102046668,227.5835372459942,129.49903956491582,1.0
771,193.17040575487297,217.72645845998224,129.36592454341996,1.0
772,191.46047243055767,219.04452375505724,140.89154402856366,1.0
773,190.78647884729858,222.4838213511564,148.83329707496566,1.0
774,196.10366081933273,227.4873961538399,131.61552660996537,1.0
775,204.86316128398917,213.13857206746974,146.94130012686833,1.0
776,200.1371166830897,214.54650894741388,142.1315518172843,1.0
777,186.58723066745077,224.57368515961127,142.9874623168897,1.0
778,194.2096761336879,225.5897414185589,140.0006796114663,1.0
779,187.87267582782098,218.86490574426992,135.857703770716,1.0
780,189.37607473300875,217.83881009333018,148.74951862422367,1.0
781,188.71642850188718,214.4187150600982,130.64475178156397,1.0
782,190.16261873009373,229.80829538914486,141.67414401238022,1.0
783,206.845609541378,224.30303516245,149.4213522974633,1.0
784,189.25534853474974,229.86450270018796,144.94204000560597,1.0
785,201.31058171920319,214.19293076808236,138.15975294484326,1.0
786,200.81157052052987,230.02308783522912,144.57892263377477,1.0
787,203.9263030597918,216.47576449814812,147.72820415270115,1.0
788,207.55682640384506,228.6890527962288,143.99898076456148,1.0
789,189.33475155719157,222.73052165340619,145.17402548789644,1.0
790,191.19730974982485,230.23667112486712,135.79148746739438,1.0
791,205.8792974790113,222.7281986861583,147.37619976126626,1.0
792,196.8014179773465,221.39946181393634,135.63992198532884,1.0
793,202.32190102914484,233.7948300977791,144.26619828785897,1.0
794,192.7864012940205,233.56797438976577,146.71752364064616,1.0
795,202.79670420154275,227.9958927330325,130.64594262961606,1.0
796,195.6656708409813,224.86606796806677,133.7366413840601,1.0
797,198.9074154544125,223.33821674108307,132.04316361497342,1.0
798,191.60235632800277,229.59431340918616,145.51373312364436,1.0
799,201.56149290391807,227.96568065316558,145.86111066317247,1.0
800,209.14126543984958,227.48446920238155,149.15285663896844,1.0
801,192.85332495269773,227.0944177521407,147.12015980861324,1.0
802,193.07486376378802,233.60144986562307,130.57534133958407,1.0
803,208.37136971620484,224.10274100747677,145.16380864769815,1.0
804,193.18433681918503,224.70726657209917,130.59774328900156,1.0
805,205.54421902395734,235.39894341819524,131.13336229531745,1.0
806,212.91550277671362,229.9802080902068,150.00936111666806,1.0
807,210.76849940072168,225.58182891192746,144.31061283131694,1.0
808,209.65596128138324,224.3779752988581,150.01197703497263,1.0
809,198.27560847130954,234.3630166168068,135.85693551589907,1.0
810,212.33082615896043,235.3446433468303,134.62114594816276,1.0
811,199.2079857814162,221.2635833812682,139.0948078368525,1.0
812,200.12615714856756,229.72397369482908,139.44441137195355,1.0
813,209.44227205813493,232.47620755632911,139.82070886733956,1.0
814,212.04888910288986,228.3984853755131,140.25668493669508,1.0
815,201.79724187189325,221.33010619947288,132.8356347024498,1.0
816,212.63664214411727,220.51611604235623,131.22775090393668,1.0
817,198.34816138019616,236.22474611377925,140.00764465802024,1.0
818,212.9501447113955,232.55719720344035,134.23461689145356,1.0
819,209.13834163121606,236.01750663742402,149.57162593267392,1.0
820,203.31384408883986,233.55061055600166,145.89727670609992,1.0
821,214.15117929484938,222.59678519028515,140.5413096295787,1.0
822,201.10864211989394,235.05042394420218,145.6944469464049,1.0
823,210.17727342951704,239.5507535437573,136.22494117100803,1.0
824,205.02287365976508,235.22665558937075,144.3491831302067,1.0
825,211.59413162383865,240.79325966199457,133.38937344203032,1.0
826,212.6667261430325,242.50690252166422,136.72539070284995,1.0
827,217.0710509182637,232.36266494033603,146.4566527030498,1.0
828,216.36726744480873,238.0993279487468,151.61262826184455,1.0
829,201.76008200539607,229.39714738718098,143.5040717212263,1.0
830,212.12126272244183,241.2080878282069,144.7305285399544,1.0
831,203.2709203080423,226.73394899917642,149.67669342435508,1.0
832,220.09065333418363,230.18384782173004,149.61280936876048,1.0
833,220.66849876472713,233.72938342003644,133.18611049293247,1.0
834,211.84978164592957,234.08784616092512,138.59814927240967,1.0
835,217.55636618563176,240.73776685991024,138.7402738918758,1.0
836,214.39738001934734,225.13801735307317,135.6056496508408,1.0
837,210.96247359085825,241.26982220432316,138.31582993245405,1.0
838,215.9720481573731,240.25306380891675,142.66412734077534,1.0
839,211.8311701724494,241.36680376959706,136.8596467742361,1.0
840,210.97498816551231,231.3137926108811,139.28931185069848,1.0
841,221.8381584002511,234.11595623897793,138.24409822908177,1.0
842,223.90536285865616,242.98999641341857,133.8733335090347,1.0
843,225.5238096349276,235.85394936155387,142.9218605743427,1.0
844,215.8599130243386,240.69315544938533,150.10251878875061,1.0
845,217.3566056511474,225.84579169490465,145.35330102465008,1.0
846,214.83142160433385,231.6274466179638,150.79694895889654,1.0
847,227.05585460187794,232.40663959623362,146.98877917054304,1.0
848,219.92006481919887,238.20171345376696,148.5313433945122,1.0
849,223.39881872287782,238.07500218497648,150.49764670928926,1.0
850,226.30829675108626,239.8915410998394,152.4798484945592,1.0
851,228.33056761892698,237.8668118209342,139.64480446935315,1.0
852,222.86018011234282,243.85049735821775,150.88717574479253,1.0
853,224.55482124460713,244.75231979572231,142.61934472216313,1.0
854,227.92782786784784,228.3114716719277,142.67867653968003,1.0
855,213.26777296469908,242.0208639228416,144.74548700115056,1.0
856,221.9091595738177,232.55158437066254,136.26442547572344,1.0
857,211.07283650399393,227.83610314685862,142.82184030694103,1.0
858,216.2989634727115,229.7364011449453,137.66448473760775,1.0
859,227.06080960496962,233.0459216982693,148.8816208597035,1.0
860,227.72784049420198,230.54361931103645,151.92538950112842,1.0
861,224.6619533900361,228.69816614171827,148.51814812214212,1.0
862,212.8249750800674,232.19480656359923,144.3806568691619,1.0
863,230.56108841154077,230.45490716452002,149.65221935251574,1.0
864,213.684730700939,230.6028098632605,145.83775877196848,1.0
865,219.58596951749456,241.3913586396256,149.9571060733285,1.0
866,229.53325672524073,242.9995218011919,143.0913377729981,1.0
867,222.35111781890296,239.1117766978399,139.803568190998,1.0
868,226.12530883826187,242.27375092940053,142.57424694491806,1.0
869,234.3267716983862,241.54609491217627,136.23866196365168,1.0
870,225.2299686607753,236.06320307821483,147.29769972365523,1.0
871,224.91523755354933,246.42557557382713,142.55595102920228,1.0
872,231.3236112134716,237.67723673442705,153.36923458586926,1.0
873,224.168746428484,241.20605583593408,149.5560087206836,1.0
874,232.55779645454024,232.1376795773012,155.05365070462105,1.0
875,233.319041869047,248.26541121444848,143.41721841298806,1.0
876,227.60214814825028,234.07658421656495,146.36000832625666,1.0
877,228.0364800805752,248.86517454186634,148.38750598004054,1.0
878,229.17714121039916,247.80320998373,143.18127080327554,1.0
879,229.5522748110959,233.21438570192143,143.47669119117467,1.0
880,230.57834125094365,237.28954562137292,146.0983891346688,1.0
881,223.53188963905274,252.12060478577519,137.22713048570327,1.0
882,237.54878632529187,235.8400241906822,140.34871054567895,1.0
883,236.53334144762064,234.3798839570547,139.0303884767659,1.0
884,224.78719508028078,252.27727674922704,146.61519720524558,1.0
885,219.11742216324544,235.89893092170595,138.74115229855525,1.0
886,231.94007018725583,239.46155276354597,152.72551949149832,1.0
887,230.51289517542241,236.7746815873201,154.91507612476408,1.0
888,235.4527511394306,243.38929433495733,143.17839299616827,1.0
889,230.89501083191473,243.33901974755668,149.1922118456386,1.0
890,235.44532597067476,239.11655452072944,153.4075492832913,1.0
891,230.9538101244484,245.2915867477604,155.64989610200593,1.0
892,227.89892759165815,234.4239696690701,156.54652212314826,1.0
893,232.48240644242185,241.91358847173382,139.70612837391445,1.0
894,227.7313215069766,246.3682069185319,155.23888403230978,1.0
895,223.41383813089192,247.63711458085,143.65394554580894,1.0
896,222.58155823187153,245.24040281136533,147.67703947383947,1.0
897,227.4903200012264,253.97333530575023,146.832411076124,1.0
898,227.9799475702203,249.22064754478652,145.9791966116057,1.0
899,232.19292293257385,242.9017516761969,152.9871961162966,1.0
900,226.32378899953298,255.41760860749565,142.77545545723075,1.0
901,227.86840452983498,242.86670654174793,140.76014673003039,1.0
902,227.80385193837742,244.28449155977685,143.96918833150804,1.0
903,241.94047054604619,247.69255043902672,143.5666278621011,1.0
904,230.718838331524,255.12812274284664,155.05236241823118,1.0
905,231.07545407390495,237.98191612987165,148.43599509568728,1.0
906,240.44413322572112,245.27781243310977,144.2832781399192,1.0
907,229.37266460270916,243.61292039746775,140.67256670755313,1.0
908,233.79998656539277,245.35789098079096,143.48573358774718,1.0
909,235.8672881241906,242.47065022182474,149.46356983464236,1.0
910,228.47066834202826,249.6375999450708,154.14132519366862,1.0
911,232.7359070264449,237.98152241498835,148.46988206582785,1.0
912,242.56852317592217,253.75627780165723,141.76473636715787,1.0
913,241.4408070252319,244.82420179443278,155.71077500613347,1.0
914,242.42086840287993,256.23836685468183,151.33031204887536,1.0
915,244.59681152417232,246.50686394572986,145.26609093008173,1.0
916,241.61188453965343,241.3096573667285,157.32001130781936,1.0
917,238.44912330879285,243.30507584553354,152.26550160338925,1.0
918,240.82300372795203,240.47415465091422,155.29848564385676,1.0
919,232.68159219004448,241.97138522119627,154.80562742115887,1.0
920,231.6467689595236,258.4541542015918,146.81638788190148,1.0
921,240.38453750345232,253.61862432914882,148.56622135952927,1.0
922,243.99541142029233,248.36507597758205,144.45126674884997,1.0
923,243.3592322077602,249.7943962922859,149.10909140636312,1.0
924,236.40217497207726,256.4139116397311,154.7047511210751,1.0
925,236.32398071100818,249.75042454171387,142.13655402596598,1.0
926,246.12760627024144,247.56067656454712,144.9128205916499,1.0
927,236.2015017279399,263.59319701244976,160.13869316704933,1.0
928,236.20574683021002,258.9135191500245,141.2446700995648,1.0
929,236.2768595245497,246.03240750027254,144.60349045001908,1.0
930,248.61054267094823,246.74596477733675,143.53085045169843,1.0
931,236.91803950877951,244.8172258907693,157.75575575314713,1.0
932,240.28716920258617,254.8497586684728,141.54470677534744,1.0
933,232.3159135819655,259.67017522958605,145.97980807844826,1.0
934,248.17764923012302,247.91155060610382,141.83816291239614,1.0
935,239.60008018250102,257.31377615908553,155.9418506801451,1.0
936,235.96238194464158,260.9837560921432,144.70820782719596,1.0
937,252.31909431322953,252.5784661447239,158.4295078381088,1.0
938,248.88300980027742,262.1535668364713,160.0868702230764,1.0
939,233.79231199586505,250.050700573045,147.71827331628174,1.0
940,246.1028550280765,263.07184211088924,142.38792682261504,1.0
941,244.62996495312441,248.0481880080476,158.53763040654027,1.0
942,251.94192623938807,261.46861642118927,160.787425553552,1.0
943,253.2469735313193,254.7085163125118,144.48293428524178,1.0
944,244.11349999400426,256.9015126864559,158.56661641821563,1.0
945,242.71857544407374,264.58792264570985,145.01023023724593,1.0
946,249.02557048507015,250.22539479957805,159.58153368981024,1.0
947,242.45457493062065,256.5814019737357,145.5021453909939,1.0
948,252.76979298603254,251.6881651451035,155.50652299405849,1.0
949,244.95042354374687,254.8644418785051,144.62193285747128,1.0
950,254.23318962527637,262.26399533369266,143.47375941669887,1.0
951,241.05492661845994,262.87340951294146,152.30132412596524,1.0
952,244.90954394587212,251.73261414134166,150.0636783008106,1.0
953,244.76438277406135,258.01713900181693,154.17291896017468,1.0
954,245.84444128035437,265.89728637199653,146.4811156399552,1.0
955,241.39099320056047,250.53516512576047,160.1549947028044,1.0
956,258.30204496548595,254.04307077616727,145.52368051546634,1.0
957,250.2188142253239,264.2109047463571,153.25015594882495,1.0
958,246.03435463458317,262.04985949019226,159.7141637931228,1.0
959,255.3563627432981,259.6399100078032,147.63858562516634,1.0
960,246.33592531350092,253.94880267340753,149.45848079101916,1.0
961,254.41315603453268,258.1075223231162,162.23922606613363,1.0
962,247.8775067390637,255.93016899711336,146.915368078928,1.0
963,261.8815218176566,250.94928248194225,160.993411791824,1.0
964,260.2264263649348,258.243956960418,160.93705319636373,1.0
965,246.69801993159186,253.08038900916927,145.72248934299043,1.0
966,248.1547399161598,264.19608423595474,158.10579973570236,1.0
967,261.2172827646816,266.2346858454385,152.14171340458333,1.0
968,247.1029030304736,260.1917739006837,161.1550013013025,1.0
969,246.66049867041278,271.66830090273186,155.43867420051663,1.0
970,258.7318150089234,269.12790867217615,157.7172997706698,1.0
971,249.97023663424457,270.46388007412304,145.53194757414843,1.0
972,251.11512106712178,269.4053579580732,161.77024578572696,1.0
973,251.3441907298304,263.9771005605144,155.7079480971473,1.0
974,253.14595025365486,265.49254446893434,157.95372884618214,1.0
975,263.17738062550706,257.51574095112977,152.33073871436403,1.0
976,251.23849909695235,272.58116171631684,160.81401237745212,1.0
977,263.58726526312915,267.1042218102802,160.75452360349192,1.0
978,265.71554596002255,274.00937705745145,163.82892271012716,1.0
979,249.22206764406016,258.47975729414196,164.628114884559,1.0
980,263.4605482231062,259.4481490586531,162.7738153403363,1.0
981,252.93320860821308,265.1122253343383,150.01646911116333,1.0
982,259.00693876124836,271.7454706186928,163.2025333588481,1.0
983,261.850735379542,262.4993811279012,150.56991663966008,1.0
984,268.41258363705253,266.9303936760591,153.20984070328157,1.0
985,268.3994395443987,271.9637729548434,160.34188181481068,1.0
986,264.36140339899885,266.06462129681415,151.63524976810558,1.0
987,253.40727952135333,275.3401726119645,160.83440782723983,1.0
988,261.4724610840858,262.1587053391759,153.81144222834664,1.0
989,267.2039768577481,264.49074366395945,156.43533974233443,1.0
990,264.63236103050264,257.6431510942277,153.23732911074922,1.0
991,274.80117056258786,270.3701359727189,159.88536144980964,1.0
992,273.4795800538224,274.8425949246521,159.14883589065712,1.0
993,268.3308249340053,277.21586184780176,162.0078547449332,1.0
994,272.5806091387272,262.3693732396327,166.95006577269217,1.0
995,272.6122967940482,273.3870691549964,162.130691465821,1.0
996,266.1439731468588,277.5625135724564,158.40903458876565,1.0
997,266.6690572616186,261.7388407742578,165.36539013099318,1.0
998,270.5109252675089,270.91408985108995,164.22545538363087,1.0
999,269.0374185613994,261.2990994479095,155.81114231709756,1.0
1000,278.06129577716865,263.3818430808188,150.15731310303357,1.0
1001,279.43550298001765,263.8080165108567,159.79068317601426,1.0
1002,268.9517537372784,264.1878878442925,150.11237580998312,1.0
1003,267.9688086622388,273.3868075558787,162.57432813258728,1.0
1004,277.36516868452657,267.2349735961343,162.391035598126,1.0
1005,277.75962214694067,277.503659631741,168.287649372501,1.0
1006,275.21700737312676,262.2774391355853,168.99573559235793,1.0
1007,270.02378089705513,271.629391002656,156.65422364936262,1.0
1008,267.35783745417575,278.10302624750506,161.3476933853152,1.0
1009,272.340962653306,266.5870144123323,168.59738020773625,1.0
1010,276.220325417075,269.433379990741,165.6243902877891,1.0
1011,276.4828634479086,271.99081635207517,164.38603292089198,1.0
1012,263.95091917789557,280.1034926330363,167.95546733430834,1.0
1013,271.1224110850514,274.7022756369156,158.34293084944247,1.0
1014,275.75539994310043,268.2327034746371,158.4033826195804,1.0
1015,271.2631060404444,270.463995950082,168.6773392973283,1.0
1016,266.8422774408427,270.32869564382435,169.85733340575246,1.0
1017,273.5417985369133,269.9871023295597,165.70135599260846,1.0
1018,278.4205717975911,281.66160228084925,167.43744729828614,1.0
1019,266.3236811561218,273.63256247934174,170.69911109164698,1.0
1020,278.10336204754657,283.24719902364774,153.0679236306679,1.0
1021,272.2194556179247,273.99389090210104,157.56030693086953,1.0
1022,280.43447440912104,275.006625570666,169.28773660774868,1.0
1023,274.8399337923744,265.250093359995,166.22174259306567,1.0
1024,278.87931419284496,269.69633551324756,152.67923534522475,1.0
1025,277.0341964638453,268.2764278550666,170.7223750231336,1.0
1026,269.9837678204076,277.4656353321762,155.94371744114196,1.0
1027,280.9010638825321,280.75144488528144,170.96458648643306,1.0
1028,276.4074140261658,265.06231315545665,168.69704537781544,1.0
1029,276.5101650083331,281.29093109572074,169.53790323594396,1.0
1030,283.03657793386185,282.72785735598086,162.41913933085462,1.0
1031,282.6881666786132,281.7070836398247,161.14553717135718,1.0
1032,274.1864772873901,275.56020245803074,167.5352794649252,1.0
1033,288.54658809280977,276.2216889142829,161.63156491378396,1.0
1034,286.51541794279905,278.63383723140873,165.69406273820042,1.0
1035,275.7976431229311,266.00400810659096,170.1236823446546,1.0
1036,278.383895520081,266.27978006439406,173.0739525432459,1.0
1037,277.49880218197103,276.77164777020255,161.55368799823887,1.0
1038,290.35132298588775,271.97813828302816,161.14736328480802,1.0
1039,293.4575316060593,275.54470005100416,167.05084278544717,1.0
1040,277.8295867902275,283.05523569176665,169.12096897602433,1.0
1041,276.1404705611847,285.3893918168698,158.3363720740693,1.0
1042,287.74617314477587,278.6125024318256,165.8948399144469,1.0
1043,285.8997248834047,272.0838996601371,169.48759621631146,1.0
1044,293.7217735908725,278.74157732906735,159.6822096539214,1.0
1045,294.4091804079721,274.6039618554909,157.38009587064488,1.0
1046,286.6927980031999,284.36375691415145,169.46720727692716,1.0
1047,279.01791161186924,280.11755716642864,167.56983621182977,1.0
1048,277.09172792239764,279.5102043324927,159.0193558514388,1.0
1049,288.2575171829059,273.52145221401565,174.66640249846853,1.0
1050,286.8277511840381,284.5613750576412,169.84155438759313,1.0
1051,294.46359827504534,285.52755756391576,159.0836074112591,1.0
1052,278.94668562516415,273.5072411454673,173.00219362102982,1.0
1053,293.8554796600251,279.0415023823504,165.32190174997768,1.0
1054,298.7657218679034,281.5688134952239,173.31360309977202,1.0
1055,282.89828176281515,280.30611694406036,162.00568284395655,1.0
1056,295.1193339517076,280.7049977179272,162.8255391065578,1.0
1057,285.0540461538931,272.89396896495805,160.27801558321974,1.0
1058,294.328457475577,277.094951756681,167.72592907236972,1.0
1059,281.22750524929955,274.73239099121645,166.90974011280628,1.0
1060,282.61856854869404,276.7216438007271,159.9739593430768,1.0
1061,298.1969095026685,285.75906199170356,164.9618454459264,1.0
1062,283.3512965552549,272.30877874162246,172.60081584662854,1.0
1063,287.1554592700043,277.2932544767743,169.44327537728617,1.0
1064,291.0624576713504,278.8861839895052,163.09655135727525,1.0
1065,300.81050138146645,281.00912340808605,174.99633281074213,1.0
1066,289.7092621405686,289.68680284261666,165.2176845012691,1.0
1067,301.8633651775442,283.69963934014953,169.91936614815194,1.0
1068,296.4452018248728,288.3609160084038,177.66780652011246,1.0
1069,303.10914061319005,288.0972015515581,168.7744096553566,1.0
1070,287.86329504717554,273.6504535458483,176.31926299565905,1.0
1071,286.058523576048,287.64865694935975,164.13257921886915,1.0
1072,289.99836184708136,291.46638610315284,161.25407684558604,1.0
1073,300.3634117890995,288.2379214317365,169.8813807066291,1.0
1074,289.470216881489,288.1526073779151,176.12167409409867,1.0
1075,292.38981565076114,282.04568948202467,166.57123393339657,1.0
1076,290.2909386439587,287.65857249083444,172.92482797210715,1.0
1077,297.1884703663239,287.62117775993863,179.00123257067216,1.0
1078,303.15711228590726,292.61997706554155,177.69173978392735,1.0
1079,295.6432684938881,282.6418979274483,165.56068470537127,1.0
1080,305.22108312503815,292.1647034148642,174.7470161737118,1.0
1081,290.6107536512337,291.70611155235906,177.51234204973196,1.0
1082,301.24002497357134,280.27760306738315,162.03837916488632,1.0
1083,298.8935640444361,275.8284020404861,164.1120190244535,1.0
1084,295.28960475487065,289.9533688681745,178.58063307823554,1.0
1085,303.21017528508753,287.942005772224,181.8499767257644,1.0
1086,311.0757369744216,277.7642124265367,171.5964669163234,1.0
1087,299.7929199286567,280.7952843349291,163.61184900257265,1.0
1088,304.6989514324219,277.6280378782883,169.19403325813914,1.0
1089,301.9025724422845,276.84818659158447,179.39587270713076,1.0
1090,304.78412115202093,294.12771915594055,169.66740763996555,1.0
1091,304.08644137813997,291.2237012783268,178.12880372676332,1.0
1092,309.71230243492334,284.5181754676548,167.9701355671082,1.0
1093,298.4641208435016,292.82050054665103,181.9594815240533,1.0
1094,307.7427061959585,297.03535059032316,173.17176460510575,1.0
1095,310.985226473983,290.11807107378644,168.2387287297855,1.0
1096,300.47845751194546,281.27807022806877,181.35421157057175,1.0
1097,307.5759795647516,296.06666924677995,180.4982147119152,1.0
1098,313.85844125325923,290.82009764950914,183.9538763681839,1.0
1099,305.7721183065427,298.0881793369424,166.5974227050476,1.0
1100,305.1405641185892,292.49568740213107,165.74969800511892,1.0
1101,300.8385465543576,292.45360239915476,179.6089197600133,1.0
1102,314.52736490917476,290.7135251145189,179.6123739125814,1.0
1103,311.68901441738876,282.7691797963415,173.05941719431354,1.0
1104,305.84705232642006,285.1266518819581,178.23825572658401,1.0
1105,300.2316422898093,286.43759590605896,176.59209048087885,1.0
1106,314.53973095759505,293.7533729596556,184.63141130573075,1.0
1107,302.7444299948486,296.5846684069847,176.3962384783448,1.0
1108,305.08754843223164,300.09822149755456,182.83017202873953,1.0
1109,318.1386367336581,297.8478445732793,181.8074721915906,1.0
1110,310.6418450545941,292.23393178663747,174.77227259939815,1.0
1111,308.608734437186,296.19143913871113,168.97062745377053,1.0
1112,313.6614190328265,299.6226440721791,185.5760826665039,1.0
1113,305.0924809161966,298.9508163419737,177.11225620891534,1.0
1114,323.5410066321976,297.52335987878644,169.34108856980666,1.0
1115,325.8800128699548,299.98130881850227,169.74123738261832,1.0
1116,315.14159611947207,293.7266825874072,183.24968998884097,1.0
1117,313.49188462827595,296.0684286436181,168.93898407840612,1.0
1118,317.6871326823988,301.48129406021866,176.77478883297601,1.0
1119,315.5729701259341,302.9754768039466,171.93792510018878,1.0
1120,313.9453559645362,286.65190680998705,184.08116809503463,1.0
1121,312.1589855962578,305.67354951604096,183.4821268187937,1.0
1122,317.21548000244127,295.73337069031584,179.61479342699664,1.0
1123,321.94051308401197,291.3490829394683,182.95827459863636,1.0
1124,324.27585197986605,289.08223307716753,169.62359495427273,1.0
1125,324.27543514154075,295.41242027254214,179.15790864477978,1.0
1126,316.59383514680434,306.7821467563393,178.99048249777638,1.0
1127,319.677855456906,296.731955895713,181.13296283234794,1.0
1128,317.39315144450956,287.7963927135522,172.05031659220182,1.0
1129,329.6894297955217,298.1906309123127,180.12880532053686,1.0
1130,314.5003930145568,291.1996749125037,172.2140381514686,1.0
1131,327.4536895167588,290.32252303866034,170.7132639180512,1.0
1132,326.99364233303197,306.46936309863565,187.8682774281816,1.0
1133,331.35512858472947,292.04868245521396,180.7523223349711,1.0
1134,333.2848315965284,295.5941104219013,180.53687785469867,1.0
1135,329.5254448719244,292.24401139783384,184.4940348036032,1.0
1136,321.8264049664017,298.51643942121905,178.1690236250513,1.0
1137,334.9373637628307,289.60736682451,188.8629367030399,1.0
1138,329.78068805918554,302.7370305783569,183.7089686167801,1.0
1139,327.3279135208271,296.5950514632041,179.1968428037442,1.0
1140,331.47374772881545,299.46258017700626,173.72010122943772,1.0
1141,336.71793978713225,295.18575668247115,173.20422669795246,1.0
1142,325.9647882512386,305.939182130783,178.06035201550353,1.0
1143,339.6876949606215,302.73408484324636,174.7335724484431,1.0
1144,328.6475392401402,306.8447325083582,184.34973359439078,1.0
1145,340.65651168201185,309.29757561175444,181.90294926260256,1.0
1146,326.9167330325288,309.0876329455531,182.3802010771557,1.0
1147,330.22057142227095,311.22506205046477,191.57511059067625,1.0
1148,342.6574171099883,305.87016358478695,180.2448242855994,1.0
1149,334.77736246102944,306.96729064650344,176.65363063911448,1.0
1150,345.17700833896515,298.0886176841711,173.49098170436568,1.0
1151,333.0076808541182,298.2703474172824,182.79071084728596,1.0
1152,337.0877105326964,313.7255457116614,190.9484281984842,1.0
1153,333.0296716225975,313.60102131115116,176.95751347433205,1.0
1154,345.9118493080922,297.67922487445225,180.31110289569963,1.0
1155,329.4558668673217,311.5644333829036,188.74864816967758,1.0
1156,329.64330632748164,312.3811135965613,186.7949990367358,1.0
1157,345.2924995774154,312.3760273738996,176.6494728153495,1.0
1158,350.780599103172,301.0039619358814,179.36202346727737,1.0
1159,350.9805429567134,309.12018265597567,188.4463606988491,1.0
1160,344.5219227692319,312.9265530033014,191.35094933487372,1.0
1161,334.1550527587068,308.59209573568575,189.44657234746302,1.0
1162,344.0358838098284,306.5423613049094,186.66255732722158,1.0
1163,341.48178899175986,299.12311177965967,179.64650459540127,1.0
1164,342.7152218607267,309.6475046446158,182.635029764715,1.0
1165,339.5862696863521,304.416168654753,189.70851352963447,1.0
1166,355.20081245946363,297.72170238585016,192.4858111489036,1.0
1167,351.8195630808476,306.78999582967884,192.81294397550354,1.0
1168,337.30988270694115,310.5270137038649,194.45943250162964,1.0
1169,350.81758136219645,311.72567914812277,176.77189842119375,1.0
1170,353.47718100168714,313.8293415560284,183.75278129801654,1.0
1171,341.75829841002087,306.0805153223791,186.04491531100086,1.0
1172,347.46976256328077,317.6187534799457,185.8858356556874,1.0
1173,346.8773402411305,309.3621561147826,182.93450209187097,1.0
1174,356.8802741921108,312.8372559241415,177.13161739945565,1.0
1175,358.09102934098354,319.4803430173474,184.93950398850504,1.0
1176,354.32749538780945,312.56969218969,178.88617877773865,1.0
1177,352.6942135815245,302.1862911470921,187.48597480695685,1.0
1178,343.77941959426806,310.2807534216476,182.88236973423452,1.0
1179,349.34210241093143,320.5106801454323,194.01861413869574,1.0
1180,357.0796932308116,310.4304121720093,193.68032779072038,1.0
1181,349.8138094416125,316.95616198571275,182.48939159933252,1.0
1182,352.1140649638994,315.63300838311045,186.6795964617668,1.0
1183,361.1307862275209,312.84649127502655,188.4745451259209,1.0
1184,356.5709986183726,318.0793947562152,187.25872546850795,1.0
1185,361.88761110826255,320.3408072028615,192.63914550249228,1.0
1186,351.94347234745436,307.0085215736273,180.17896814961736,1.0
1187,353.97015186880617,315.07886751566895,185.5848303845016,1.0
1188,351.85258758124985,305.10326125249355,184.42847917884512,1.0
1189,363.7839015270032,321.5120791074458,185.5917648427272,1.0
1190,359.473715200091,317.636065915547,181.67636701702517,1.0
1191,364.6630766030617,322.20426594432445,193.55452955537734,1.0
1192,364.7202331841377,308.8102682089098,182.90766758497307,1.0
1193,372.2680713524352,323.60148698188186,188.96647153341135,1.0
1194,365.2432582549352,310.37239090637354,190.40594482584766,1.0
1195,366.6974364714796,309.5823671832166,191.329667044033,1.0
1196,363.73432034964407,320.69224735966407,199.92655108429454,1.0
1197,365.06737993109437,321.24933821250517,197.12645633831193,1.0
1198,354.2078330721118,319.5653979358941,184.14480649863197,1.0
1199,367.3115526444416,313.10699995806766,183.31905783587118,1.0
1200,367.7315325794087,310.63559503751964,194.032637412782,1.0
1201,368.0924858057865,307.8381791005004,198.45338325330923,1.0
1202,367.1557310954339,320.3205589022902,186.11357788705985,1.0
1203,380.2370114974824,312.666378885095,197.50184492532472,1.0
1204,362.2161053757407,312.23638948588433,198.75695071322747,1.0
1205,376.1496039662872,312.8413281323053,197.22212111437426,1.0
1206,362.9557827014058,319.47227302212724,199.42216074982218,1.0
1207,366.50005838616244,320.37362576434145,198.24816624451634,1.0
1208,366.5283753003197,320.5166237240609,201.80648545309805,1.0
1209,374.88105348156444,325.74614384311883,186.8862136824548,1.0
1210,377.0213698850597,313.2863508676873,185.4902045366845,1.0
1211,379.76503619179095,326.6978791423705,192.6314411965184,1.0
1212,380.0824302444706,316.3074717645061,198.6741141274534,1.0
1213,384.29616823768043,318.0537014893912,190.25283401699025,1.0
1214,376.9822221492141,320.92201458435386,192.40483015982147,1.0
1215,387.2070993483819,313.62552575932733,199.074205125194,1.0
1216,383.5753737582601,320.4285062032629,195.08518912729238,1.0
1217,382.63446540687755,318.6971087890878,195.75252367032653,1.0
1218,377.5856621450762,317.6698318745098,208.21537198350762,1.0
1219,372.2422085205864,327.8498824466064,188.51674236397773,1.0
1220,384.8117043667741,318.5579859459604,195.0964868618614,1.0
1221,385.0503529898881,316.7801712926592,198.74346397836243,1.0
1222,380.35822679158224,323.2860243945262,208.06532627752256,1.0
1223,390.1463219189239,318.91715999591764,194.56859147297075,1.0
1224,388.9370260771405,327.6347772711623,207.09542980293236,1.0
1225,387.4770931541602,320.4238517225496,197.3353144786697,1.0
1226,380.9261222600459,322.7602076105022,205.64557349653154,1.0
1227,392.8507422888988,314.32300105397763,199.33965279134276,1.0
1228,382.33157183565726,321.36105227702893,195.88443504227007,1.0
1229,379.654219439714,322.39170333590755,193.85569725108863,1.0
1230,376.674113743851,325.35647981141284,204.6644083096528,1.0
1231,390.23464751731916,326.23245604965416,206.57837746296192,1.0
1232,393.8951199605916,319.8042135834403,207.2502293615996,1.0
1233,381.46159199261285,325.6785211660244,194.6426384806296,1.0
1234,380.23236727058526,318.53879320268067,195.94257640016855,1.0
1235,387.4766729837168,321.88563292489556,204.6255720660311,1.0
1236,385.1305944097875,330.9700802251519,199.71036911987693,1.0
1237,391.8473158082848,319.8008829170152,197.50196900353498,1.0
1238,392.21812772845493,332.8383108790074,196.677456977404,1.0
1239,389.352185683519,325.9464529740878,199.04331463879765,1.0
1240,388.23552587422864,333.3727481371985,208.85388975364492,1.0
1241,399.20998929206206,317.67690456098785,200.5821887656141,1.0
1242,390.644071724782,329.8837337637209,198.57065304539088,1.0
1243,394.241968988838,330.16029719248564,204.626949889756,1.0
1244,393.7086730831758,317.87075930574935,213.01265420161292,1.0
1245,397.4756751998064,317.6653183963988,210.5910538125547,1.0
1246,386.49183793313404,322.9242868073182,205.39334151382045,1.0
1247,391.31329133035945,325.05795091395714,205.77057586177128,1.0
1248,400.1888406801704,325.3242521874983,204.6268067084515,1.0
1249,391.6593890241423,335.68492326355124,199.705058494482,1.0
1250,396.89859457961194,336.7623912580594,213.02201055856278,1.0
1251,409.0327736239313,325.6282839199457,212.28088055368872,1.0
1252,392.61035643839665,331.9518288734289,206.01608933705245,1.0
1253,407.00431772122914,321.44073589181164,215.5699542018041,1.0
1254,398.9052073395905,329.4207589339861,215.15670828804764,1.0
1255,394.39868544005196,331.55229335352846,202.3149698435286,1.0
1256,412.8546582144727,340.19103002003703,214.4764265453855,1.0
1257,401.26686009711966,323.91284757625283,218.469618601214,1.0
1258,412.2281092566874,335.95260799135065,206.0359316757749,1.0
1259,403.38419588189413,326.7416310607547,202.10678661142146,1.0
1260,411.25354060477406,335.9686940992203,215.91518205046128,1.0
1261,413.84610356275573,327.7951887757115,207.1351325644901,1.0
1262,402.80324118609656,323.4336799011343,206.462977648855,1.0
1263,409.79282763089213,335.7520149204588,206.47015246749518,1.0
1264,414.47352583419047,333.6398496961796,207.52714518165212,1.0
1265,408.796622077371,334.85903097069024,216.2435993862896,1.0
1266,411.20532295340274,337.11201115187833,215.15553529611287,1.0
1267,419.5150078125292,325.00889654115633,210.24580901449232,1.0
1268,415.54414535434677,325.13935229191674,204.58281713679003,1.0
1269,415.0585910605829,330.3006607060963,208.34589962876584,1.0
